{
	"@metadata": {
		"authors": [
			"Azountas",
			"Ch.zarafidis",
			"Espertus",
			"Evropi",
			"GR",
			"Gchr",
			"Geraki",
			"Giannaras99",
			"Glavkos",
			"KATRINE1992",
			"Namatreasure",
			"NikosLikomitros",
			"Nikosgranturismogt",
			"Norhorn",
			"Sarri.greek",
			"Sfyrakis",
			"Stam.nikos",
			"Themelis",
			"Vicng",
			"Ανώνυμος Βικιπαιδιστής",
			"아라"
		]
	},
	"VARIABLES_DEFAULT_NAME": "αντικείμενο",
	"UNNAMED_KEY": "χωρίς όνομα",
	"TODAY": "Σήμερα",
	"DUPLICATE_BLOCK": "Διπλότυπο",
	"ADD_COMMENT": "Προσθήκη σχολίου",
	"REMOVE_COMMENT": "Αφαίρεση σχολίου",
	"DUPLICATE_COMMENT": "Αντιγραφή σχόλιου",
	"EXTERNAL_INPUTS": "Εξωτερικές προσθήκες",
	"INLINE_INPUTS": "Εσωτερικές προσθήκες",
	"DELETE_BLOCK": "Διαγραφή μπλοκ",
	"DELETE_X_BLOCKS": "Διαγραφή %1 μπλοκ",
	"DELETE_ALL_BLOCKS": "Να διαγραφούν όλα τα %1 μπλοκ;",
	"CLEAN_UP": "Ταξινομείστε τα Μπλοκ",
	"COLLAPSE_BLOCK": "Σύμπτυξε Το Μπλοκ",
	"COLLAPSE_ALL": "Σύμπτυξε Όλα Τα Μπλοκ",
	"EXPAND_BLOCK": "Επέκτεινε Το Μπλοκ",
	"EXPAND_ALL": "Επέκτεινε Όλα Τα Μπλοκ",
	"DISABLE_BLOCK": "Απενεργοποίησε Το Μπλοκ",
	"ENABLE_BLOCK": "Ενεργοποίησε Το Μπλοκ",
	"HELP": "Βοήθεια",
	"UNDO": "Αναίρεση",
	"REDO": "Ακύρωση αναίρεσης",
	"CHANGE_VALUE_TITLE": "Άλλαξε την τιμή:",
	"RENAME_VARIABLE": "Μετονόμασε τη μεταβλητή...",
	"RENAME_VARIABLE_TITLE": "Μετονόμασε όλες τις μεταβλητές «%1» σε:",
	"NEW_VARIABLE": "Δημιουργήστε μεταβλητή...",
	"NEW_STRING_VARIABLE": "Δημιουργία μεταβλητή συμβολοσειράς...",
	"NEW_NUMBER_VARIABLE": "Δημιουργία μεταβλητής αριθμού...",
	"NEW_COLOUR_VARIABLE": "Δημιουργία μεταβλητής χρώματος...",
	"NEW_VARIABLE_TYPE_TITLE": "Νέος τύπος μεταβλητής:",
	"NEW_VARIABLE_TITLE": "Νέο όνομα μεταβλητής:",
	"VARIABLE_ALREADY_EXISTS": "Η μεταβλητή με το όνομα '%1' υπάρχει ήδη.",
	"VARIABLE_ALREADY_EXISTS_FOR_ANOTHER_TYPE": "Μια μεταβλητή με όνομα '%1' υπάρχει πάντα για έναν άλλο τύπο: '%2'.",
	"DELETE_VARIABLE_CONFIRMATION": "Θέλετε να διαγράψετε το %1 που χρησιμοποιείτε από την μεταβλητή '%2'?",
	"CANNOT_DELETE_VARIABLE_PROCEDURE": "Δεν μπορώ να διαγράψω την μεταβλητή '%1' διότι είναι μέρος του ορισμού της λειτουργίας '%2'",
	"DELETE_VARIABLE": "Διαγράψτε την μεταβλητή '%1'",
	"COLOUR_PICKER_HELPURL": "https://en.wikipedia.org/wiki/Color",
	"COLOUR_PICKER_TOOLTIP": "Επιτρέπει επιλογή χρώματος από την παλέτα.",
	"COLOUR_RANDOM_TITLE": "τυχαίο χρώμα",
	"COLOUR_RANDOM_TOOLTIP": "Επιλέγει χρώμα τυχαία.",
	"COLOUR_RGB_HELPURL": "https://www.december.com/html/spec/colorpercompact.html",
	"COLOUR_RGB_TITLE": "χρώμα με",
	"COLOUR_RGB_RED": "κόκκινο",
	"COLOUR_RGB_GREEN": "πράσινο",
	"COLOUR_RGB_BLUE": "μπλε",
	"COLOUR_RGB_TOOLTIP": "Δημιουργήστε ένα χρώμα με την καθορισμένη ποσότητα κόκκινου, πράσινου και μπλε. Όλες οι τιμές πρέπει να είναι μεταξύ 0 και 100.",
	"COLOUR_BLEND_HELPURL": "https://meyerweb.com/eric/tools/color-blend/#:::rgbp",
	"COLOUR_BLEND_TITLE": "μείγμα",
	"COLOUR_BLEND_COLOUR1": "χρώμα 1",
	"COLOUR_BLEND_COLOUR2": "χρώμα 2",
	"COLOUR_BLEND_RATIO": "αναλογία",
	"COLOUR_BLEND_TOOLTIP": "Συνδυάζει δύο χρώματα μαζί με μια δεδομένη αναλογία (0.0 - 1,0).",
	"CONTROLS_REPEAT_HELPURL": "https://en.wikipedia.org/wiki/For_loop",
	"CONTROLS_REPEAT_TITLE": "επανάλαβε %1 φορές",
	"CONTROLS_REPEAT_INPUT_DO": "κάνε",
	"CONTROLS_REPEAT_TOOLTIP": "Εκτελεί κάποιες εντολές αρκετές φορές.",
	"CONTROLS_WHILEUNTIL_HELPURL": "https://github.com/google/blockly/wiki/Loops#repeat",
	"CONTROLS_WHILEUNTIL_OPERATOR_WHILE": "επανάλαβε ενώ",
	"CONTROLS_WHILEUNTIL_OPERATOR_UNTIL": "επανάλαβε μέχρι",
	"CONTROLS_WHILEUNTIL_TOOLTIP_WHILE": "Εφόσον μια τιμή είναι αληθής, τότε εκτελεί κάποιες εντολές.",
	"CONTROLS_WHILEUNTIL_TOOLTIP_UNTIL": "Εφόσον μια τιμή είναι ψευδής, τότε εκτελεί κάποιες εντολές.",
	"CONTROLS_FOR_HELPURL": "https://github.com/google/blockly/wiki/Loops#count-with",
	"CONTROLS_FOR_TOOLTIP": "Η μεταβλητή «%1» παίρνει τιμές ξεκινώντας από τον αριθμό έναρξης μέχρι τον αριθμό τέλους αυξάνοντας κάθε φορά με το καθορισμένο βήμα και εκτελώντας το καθορισμένο μπλοκ.",
	"CONTROLS_FOR_TITLE": "μέτρησε με %1 από το %2 έως το %3 ανά %4",
	"CONTROLS_FOREACH_HELPURL": "https://github.com/google/blockly/wiki/Loops#for-each",
	"CONTROLS_FOREACH_TITLE": "για κάθε στοιχείο %1 στη λίστα %2",
	"CONTROLS_FOREACH_TOOLTIP": "Για κάθε στοιχείο σε μια λίστα, ορίζει τη μεταβλητή «%1» στο στοιχείο και, στη συνέχεια, εκτελεί κάποιες εντολές.",
	"CONTROLS_FLOW_STATEMENTS_HELPURL": "https://github.com/google/blockly/wiki/Loops#loop-termination-blocks",
	"CONTROLS_FLOW_STATEMENTS_OPERATOR_BREAK": "φεύγει από το μπλοκ επαναλήψεως",
	"CONTROLS_FLOW_STATEMENTS_OPERATOR_CONTINUE": "συνέχισε με την επόμενη επανάληψη του μπλοκ επαναλήψεως",
	"CONTROLS_FLOW_STATEMENTS_TOOLTIP_BREAK": "Ξεφεύγει (βγαίνει έξω) από την επανάληψη.",
	"CONTROLS_FLOW_STATEMENTS_TOOLTIP_CONTINUE": "Παραλείπει το υπόλοιπο τμήμα αυτού του μπλοκ επαναλήψεως, και συνεχίζει με την επόμενη επανάληψη.",
	"CONTROLS_FLOW_STATEMENTS_WARNING": "Προειδοποίηση: Αυτό το μπλοκ μπορεί να χρησιμοποιηθεί μόνο μέσα σε μια επανάληψη.",
	"CONTROLS_IF_HELPURL": "https://github.com/google/blockly/wiki/IfElse",
	"CONTROLS_IF_TOOLTIP_1": "Αν μια τιμή είναι αληθής, τότε εκτελεί κάποιες εντολές.",
	"CONTROLS_IF_TOOLTIP_2": "Αν μια τιμή είναι αληθής, τότε εκτελεί το πρώτο τμήμα εντολών. Διαφορετικά, εκτελεί το δεύτερο τμήμα εντολών.",
	"CONTROLS_IF_TOOLTIP_3": "Αν η πρώτη τιμή είναι αληθής, τότε εκτελεί το πρώτο τμήμα εντολών. Διαφορετικά, αν η δεύτερη τιμή είναι αληθής, εκτελεί το δεύτερο μπλοκ εντολών.",
	"CONTROLS_IF_TOOLTIP_4": "Αν η πρώτη τιμή είναι αληθής, τότε εκτελεί το πρώτο τμήμα εντολών.  Διαφορετικά, αν η δεύτερη τιμή είναι αληθής, εκτελεί το δεύτερο τμήμα εντολών. Αν καμία από τις τιμές δεν είναι αληθής, εκτελεί το τελευταίο τμήμα εντολών.",
	"CONTROLS_IF_MSG_IF": "εάν",
	"CONTROLS_IF_MSG_ELSEIF": "εναλλακτικά εάν",
	"CONTROLS_IF_MSG_ELSE": "αλλιώς",
	"CONTROLS_IF_IF_TOOLTIP": "Προσθέτει, αφαιρεί ή αναδιατάσσει τα τμήματα για να αναδιαμορφώσει αυτό το μπλοκ «εάν».",
	"CONTROLS_IF_ELSEIF_TOOLTIP": "Πρόσθετει μια κατάσταση/συνθήκη στο μπλοκ «εάν».",
	"CONTROLS_IF_ELSE_TOOLTIP": "Προσθέτει μια τελική κατάσταση/συνθήκη, που πιάνει όλες τις άλλες περιπτώσεις, στο μπλοκ «εάν».",
	"IOS_OK": "ΟΚ",
	"IOS_ERROR": "Σφάλμα",
	"IOS_VARIABLES_ADD_BUTTON": "Προσθήκη",
	"IOS_VARIABLES_DELETE_BUTTON": "Διαγραφή",
	"LOGIC_COMPARE_HELPURL": "https://en.wikipedia.org/wiki/Inequality_(mathematics)",
	"LOGIC_COMPARE_TOOLTIP_EQ": "Επιστρέφει αληθής αν και οι δύο είσοδοι είναι ίσες μεταξύ τους.",
	"LOGIC_COMPARE_TOOLTIP_NEQ": "Επιστρέφει αληθής αν και οι δύο είσοδοι δεν είναι ίσες μεταξύ τους.",
	"LOGIC_COMPARE_TOOLTIP_LT": "Επιστρέφει αληθής αν η πρώτη είσοδος είναι μικρότερη από τη δεύτερη είσοδο.",
	"LOGIC_COMPARE_TOOLTIP_LTE": "Επιστρέφει αληθής αν η πρώτη είσοδος είναι μικρότερη από ή ίση με τη δεύτερη είσοδο.",
	"LOGIC_COMPARE_TOOLTIP_GT": "Επιστρέφει αληθής αν η πρώτη είσοδος είναι μεγαλύτερη από τη δεύτερη είσοδο.",
	"LOGIC_COMPARE_TOOLTIP_GTE": "Επιστρέφει αληθής αν η πρώτη είσοδος είναι μικρότερη ή ίση με τη δεύτερη είσοδο.",
	"LOGIC_OPERATION_HELPURL": "https://github.com/google/blockly/wiki/Logic#logical-operations",
	"LOGIC_OPERATION_TOOLTIP_AND": "Επιστρέφει αληθής αν και οι δύο είσοδοι είναι αληθής.",
	"LOGIC_OPERATION_AND": "και",
	"LOGIC_OPERATION_TOOLTIP_OR": "Επιστρέφει αληθής αν τουλάχιστον μια από τις εισόδους είναι αληθής.",
	"LOGIC_OPERATION_OR": "ή",
	"LOGIC_NEGATE_HELPURL": "https://github.com/google/blockly/wiki/Logic#not",
	"LOGIC_NEGATE_TITLE": "όχι %1",
	"LOGIC_NEGATE_TOOLTIP": "Επιστρέφει αληθής αν η είσοδος είναι ψευδής. Επιστρέφει ψευδής αν η είσοδος είναι αληθής.",
	"LOGIC_BOOLEAN_HELPURL": "https://github.com/google/blockly/wiki/Logic#values",
	"LOGIC_BOOLEAN_TRUE": "αληθής",
	"LOGIC_BOOLEAN_FALSE": "ψευδής",
	"LOGIC_BOOLEAN_TOOLTIP": "Επιστρέφει είτε αληθής είτε ψευδής.",
	"LOGIC_NULL_HELPURL": "https://en.wikipedia.org/wiki/Nullable_type",
	"LOGIC_NULL": "κενό",
	"LOGIC_NULL_TOOLTIP": "Επιστρέφει κενό.",
	"LOGIC_TERNARY_HELPURL": "https://en.wikipedia.org/wiki/%3F:",
	"LOGIC_TERNARY_CONDITION": "έλεγχος",
	"LOGIC_TERNARY_IF_TRUE": "εάν είναι αληθής",
	"LOGIC_TERNARY_IF_FALSE": "εάν είναι ψευδής",
	"LOGIC_TERNARY_TOOLTIP": "Ελέγχει την κατάσταση/συνθήκη στον «έλεγχο». Αν η κατάσταση/συνθήκη είναι αληθής, επιστρέφει την τιμή «εάν αληθής», διαφορετικά επιστρέφει την τιμή «εάν ψευδής».",
	"MATH_NUMBER_HELPURL": "https://el.wikipedia.org/wiki/%CE%91%CF%81%CE%B9%CE%B8%CE%BC%CF%8C%CF%82",
	"MATH_NUMBER_TOOLTIP": "Ένας αριθμός.",
	"MATH_ADDITION_SYMBOL": "+",
	"MATH_SUBTRACTION_SYMBOL": "-",
	"MATH_DIVISION_SYMBOL": "÷",
	"MATH_MULTIPLICATION_SYMBOL": "×",
	"MATH_POWER_SYMBOL": "^ ύψωση σε δύναμη",
	"MATH_TRIG_SIN": "ημ",
	"MATH_TRIG_COS": "συν",
	"MATH_TRIG_TAN": "εφ",
	"MATH_TRIG_ASIN": "asin",
	"MATH_TRIG_ACOS": "acos",
	"MATH_TRIG_ATAN": "atan",
	"MATH_ARITHMETIC_HELPURL": "https://el.wikipedia.org/wiki/%CE%91%CF%81%CE%B9%CE%B8%CE%BC%CE%B7%CF%84%CE%B9%CE%BA%CE%AE",
	"MATH_ARITHMETIC_TOOLTIP_ADD": "Επιστρέφει το άθροισμα των δύο αριθμών.",
	"MATH_ARITHMETIC_TOOLTIP_MINUS": "Επιστρέφει τη διαφορά των δύο αριθμών.",
	"MATH_ARITHMETIC_TOOLTIP_MULTIPLY": "Επιστρέφει το γινόμενο των δύο αριθμών.",
	"MATH_ARITHMETIC_TOOLTIP_DIVIDE": "Επιστρέφει το πηλίκο των δύο αριθμών.",
	"MATH_ARITHMETIC_TOOLTIP_POWER": "Επιστρέφει τον πρώτο αριθμό υψωμένο στη δύναμη του δεύτερου αριθμού.",
	"MATH_SINGLE_HELPURL": "https://el.wikipedia.org/wiki/%CE%A4%CE%B5%CF%84%CF%81%CE%B1%CE%B3%CF%89%CE%BD%CE%B9%CE%BA%CE%AE_%CF%81%CE%AF%CE%B6%CE%B1",
	"MATH_SINGLE_OP_ROOT": "τετραγωνική ρίζα",
	"MATH_SINGLE_TOOLTIP_ROOT": "Επιστρέφει την τετραγωνική ρίζα ενός αριθμού.",
	"MATH_SINGLE_OP_ABSOLUTE": "απόλυτη",
	"MATH_SINGLE_TOOLTIP_ABS": "Επιστρέφει την απόλυτη τιμή ενός αριθμού.",
	"MATH_SINGLE_TOOLTIP_NEG": "Επιστρέφει την αρνητική ενός αριθμού.",
	"MATH_SINGLE_TOOLTIP_LN": "Επιστρέφει τον νεπέρειο λογάριθμο ενός αριθμού.",
	"MATH_SINGLE_TOOLTIP_LOG10": "Επιστρέφει τον λογάριθμο με βάση το 10 ενός αριθμού.",
	"MATH_SINGLE_TOOLTIP_EXP": "Επιστρέφει το e υψωμένο στη δύναμη ενός αριθμού.",
	"MATH_SINGLE_TOOLTIP_POW10": "Επιστρέφει το 10 υψωμένο στη δύναμη ενός αριθμού.",
	"MATH_TRIG_HELPURL": "https://el.wikipedia.org/wiki/%CE%A4%CF%81%CE%B9%CE%B3%CF%89%CE%BD%CE%BF%CE%BC%CE%B5%CF%84%CF%81%CE%B9%CE%BA%CE%AE_%CF%83%CF%85%CE%BD%CE%AC%CF%81%CF%84%CE%B7%CF%83%CE%B7",
	"MATH_TRIG_TOOLTIP_SIN": "Επιστρέφει το ημίτονο ενός βαθμού (όχι ακτινίου).",
	"MATH_TRIG_TOOLTIP_COS": "Επιστρέφει το συνημίτονο ενός βαθμού (όχι ακτινίου).",
	"MATH_TRIG_TOOLTIP_TAN": "Επιστρέφει την εφαπτομένη ενός βαθμού (όχι ακτινίου).",
	"MATH_TRIG_TOOLTIP_ASIN": "Επιστρέφει το τόξο ημίτονου ενός αριθμού.",
	"MATH_TRIG_TOOLTIP_ACOS": "Επιστρέφει το τόξο συνημίτονου ενός αριθμού.",
	"MATH_TRIG_TOOLTIP_ATAN": "Επιστρέφει το τόξο εφαπτομένης ενός αριθμού.",
	"MATH_CONSTANT_HELPURL": "https://en.wikipedia.org/wiki/Mathematical_constant",
	"MATH_CONSTANT_TOOLTIP": "Επιστρέφει μία από τις κοινές σταθερές: π (3.141...), e (2.718...), φ (1.618...), sqrt(2) (1.414...), sqrt(½) (0.707...), ή ∞ (άπειρο).",
	"MATH_IS_EVEN": "είναι άρτιος",
	"MATH_IS_ODD": "είναι περιττός",
	"MATH_IS_PRIME": "είναι πρώτος",
	"MATH_IS_WHOLE": "είναι ακέραιος",
	"MATH_IS_POSITIVE": "είναι θετικός",
	"MATH_IS_NEGATIVE": "είναι αρνητικός",
	"MATH_IS_DIVISIBLE_BY": "είναι διαιρετός από το",
	"MATH_IS_TOOLTIP": "Ελέγχει αν ένας αριθμός είναι άρτιος, περιττός, πρώτος, ακέραιος, θετικός, αρνητικός, ή αν είναι διαιρετός από έναν ορισμένο αριθμό. Επιστρέφει αληθής ή ψευδής.",
	"MATH_CHANGE_HELPURL": "https://el.wikipedia.org/wiki/%CE%A0%CF%81%CF%8C%CF%83%CE%B8%CE%B5%CF%83%CE%B7",
	"MATH_CHANGE_TITLE": "άλλαξε %1 αυξάνοντας κατά %2",
	"MATH_CHANGE_TOOLTIP": "Προσθέτει έναν αριθμό στη μεταβλητή «%1».",
	"MATH_ROUND_HELPURL": "https://en.wikipedia.org/wiki/Rounding",
	"MATH_ROUND_TOOLTIP": "Στρογγυλοποιεί έναν αριθμό προς τα πάνω ή προς τα κάτω.",
	"MATH_ROUND_OPERATOR_ROUND": "στρογγυλοποίησε",
	"MATH_ROUND_OPERATOR_ROUNDUP": "στρογγυλοποίησε προς τα πάνω",
	"MATH_ROUND_OPERATOR_ROUNDDOWN": "στρογγυλοποίησε προς τα κάτω",
	"MATH_ONLIST_OPERATOR_SUM": "άθροισμα λίστας",
	"MATH_ONLIST_TOOLTIP_SUM": "Επιστρέφει το άθροισμα όλων των αριθμών στη λίστα.",
	"MATH_ONLIST_OPERATOR_MIN": "μικρότερος λίστας",
	"MATH_ONLIST_TOOLTIP_MIN": "Επιστρέφει τον μικρότερο αριθμό στη λίστα.",
	"MATH_ONLIST_OPERATOR_MAX": "μεγαλύτερος λίστας",
	"MATH_ONLIST_TOOLTIP_MAX": "Επιστρέφει τον μεγαλύτερο αριθμό στη λίστα.",
	"MATH_ONLIST_OPERATOR_AVERAGE": "μέσος όρος λίστας",
	"MATH_ONLIST_TOOLTIP_AVERAGE": "Επιστρέφει τον αριθμητικό μέσο όρο από τις αριθμητικές τιμές στη λίστα.",
	"MATH_ONLIST_OPERATOR_MEDIAN": "διάμεσος λίστας",
	"MATH_ONLIST_TOOLTIP_MEDIAN": "Επιστρέφει τον διάμεσο της λίστας.",
	"MATH_ONLIST_OPERATOR_MODE": "μορφές λίστας",
	"MATH_ONLIST_TOOLTIP_MODE": "Επιστρέφει μια λίστα με τα πιο κοινά στοιχεία στη λίστα.",
	"MATH_ONLIST_OPERATOR_STD_DEV": "τυπική απόκλιση λίστας",
	"MATH_ONLIST_TOOLTIP_STD_DEV": "Επιστρέφει την τυπική απόκλιση της λίστας.",
	"MATH_ONLIST_OPERATOR_RANDOM": "τυχαίο στοιχείο λίστας",
	"MATH_ONLIST_TOOLTIP_RANDOM": "Επιστρέφει ένα τυχαίο στοιχείο από τη λίστα.",
	"MATH_MODULO_HELPURL": "https://en.wikipedia.org/wiki/Modulo_operation",
	"MATH_MODULO_TITLE": "υπόλοιπο της %1 ÷ %2",
	"MATH_MODULO_TOOLTIP": "Επιστρέφει το υπόλοιπο της διαίρεσης των δύο αριθμών.",
	"MATH_CONSTRAIN_HELPURL": "https://en.wikipedia.org/wiki/Clamping_(graphics)",
	"MATH_CONSTRAIN_TITLE": "περιόρισε %1 χαμηλή %2 υψηλή %3",
	"MATH_CONSTRAIN_TOOLTIP": "Περιορίζει έναν αριθμό μεταξύ των προβλεπόμενων ορίων (χωρίς αποκλεισμούς).",
	"MATH_RANDOM_INT_HELPURL": "https://en.wikipedia.org/wiki/Random_number_generation",
	"MATH_RANDOM_INT_TITLE": "τυχαίος ακέραιος από το %1 έως το %2",
	"MATH_RANDOM_INT_TOOLTIP": "Επιστρέφει έναν τυχαίο ακέραιο αριθμό μεταξύ δύο συγκεκριμένων ορίων (εντός - συμπεριλαμβανομένων και των ακραίων τιμών).",
	"MATH_RANDOM_FLOAT_HELPURL": "https://el.wikipedia.org/wiki/%CE%93%CE%B5%CE%BD%CE%BD%CE%AE%CF%84%CF%81%CE%B9%CE%B1_%CE%A4%CF%85%CF%87%CE%B1%CE%AF%CF%89%CE%BD_%CE%91%CF%81%CE%B9%CE%B8%CE%BC%CF%8E%CE%BD",
	"MATH_RANDOM_FLOAT_TITLE_RANDOM": "τυχαίο κλάσμα",
	"MATH_RANDOM_FLOAT_TOOLTIP": "Επιστρέψει ένα τυχαία κλάσμα μεταξύ 0,0 (κλειστό) και 1,0 (ανοικτό).",
	"MATH_ATAN2_HELPURL": "https://en.wikipedia.org/wiki/Atan2",
	"MATH_ATAN2_TITLE": "atan2 από X:%1 Y:%2",
	"MATH_ATAN2_TOOLTIP": "Επιστρέφει την διαφορά τόξου των σημείων (X, Y) σε μοίρες από -180 σε 180.",
	"TEXT_TEXT_HELPURL": "https://el.wikipedia.org/wiki/%CE%A3%CF%85%CE%BC%CE%B2%CE%BF%CE%BB%CE%BF%CF%83%CE%B5%CE%B9%CF%81%CE%AC",
	"TEXT_TEXT_TOOLTIP": "Ένα γράμμα, μια λέξη ή μια γραμμή κειμένου.",
	"TEXT_JOIN_HELPURL": "https://github.com/google/blockly/wiki/Text#text-creation",
	"TEXT_JOIN_TITLE_CREATEWITH": "δημιούργησε κείμενο με",
	"TEXT_JOIN_TOOLTIP": "Δημιουργεί ένα κομμάτι κειμένου ενώνοντας έναν  απεριόριστο αριθμό αντικειμένων.",
	"TEXT_CREATE_JOIN_TITLE_JOIN": "ένωσε",
	"TEXT_CREATE_JOIN_TOOLTIP": "Προσθέτει, αφαιρεί ή αναδιατάσσει τους τομείς για να αναδιαμορφώσει αυτό το μπλοκ κειμένου.",
	"TEXT_CREATE_JOIN_ITEM_TOOLTIP": "Προσθέτει ένα στοιχείο στο κείμενο.",
	"TEXT_APPEND_HELPURL": "https://github.com/google/blockly/wiki/Text#text-modification",
	"TEXT_APPEND_TITLE": "έως %1 ανάθεσε κείμενο %2",
	"TEXT_APPEND_TOOLTIP": "Αναθέτει κείμενο στη μεταβλητή «%1».",
	"TEXT_LENGTH_HELPURL": "https://github.com/google/blockly/wiki/Text#text-modification",
	"TEXT_LENGTH_TITLE": "το μήκος του %1",
	"TEXT_LENGTH_TOOLTIP": "Επιστρέφει το πλήθος των γραμμάτων (συμπεριλαμβανομένων και των κενών διαστημάτων) στο παρεχόμενο κείμενο.",
	"TEXT_ISEMPTY_HELPURL": "https://github.com/google/blockly/wiki/Text#checking-for-empty-text",
	"TEXT_ISEMPTY_TITLE": "το %1 είναι κενό",
	"TEXT_ISEMPTY_TOOLTIP": "Επιστρέφει αληθής αν το παρεχόμενο κείμενο είναι κενό.",
	"TEXT_INDEXOF_HELPURL": "https://github.com/google/blockly/wiki/Text#finding-text",
	"TEXT_INDEXOF_TOOLTIP": "Επιστρέφει τον δείκτη της πρώτης/τελευταίας εμφάνισης του πρώτου κειμένου στο δεύτερο κείμενο.  Επιστρέφει τιμή %1, αν δε βρει το κείμενο.",
	"TEXT_INDEXOF_OPERATOR_FIRST": "βρες την πρώτη εμφάνιση του κειμένου",
	"TEXT_INDEXOF_OPERATOR_LAST": "βρες την τελευταία εμφάνιση του κειμένου",
	"TEXT_CHARAT_HELPURL": "https://github.com/google/blockly/wiki/Text#extracting-text",
	"TEXT_CHARAT_TITLE": "στο κείμενο %1 %2",
	"TEXT_CHARAT_FROM_START": "πάρε το γράμμα #",
	"TEXT_CHARAT_FROM_END": "πάρε το γράμμα # από το τέλος",
	"TEXT_CHARAT_FIRST": "πάρε το πρώτο γράμμα",
	"TEXT_CHARAT_LAST": "πάρε το τελευταίο γράμμα",
	"TEXT_CHARAT_RANDOM": "πάρε τυχαίο γράμμα",
	"TEXT_CHARAT_TOOLTIP": "Επιστρέφει το γράμμα στην καθορισμένη θέση.",
	"TEXT_GET_SUBSTRING_TOOLTIP": "Επιστρέφει ένα συγκεκριμένο τμήμα του κειμένου.",
	"TEXT_GET_SUBSTRING_HELPURL": "https://github.com/google/blockly/wiki/Text#extracting-a-region-of-text",
	"TEXT_GET_SUBSTRING_INPUT_IN_TEXT": "στο κείμενο",
	"TEXT_GET_SUBSTRING_START_FROM_START": "πάρε τη δευτερεύουσα συμβολοσειρά από το # γράμμα",
	"TEXT_GET_SUBSTRING_START_FROM_END": "πάρε τη δευτερεύουσα συμβολοσειρά από το # γράμμα από το τέλος",
	"TEXT_GET_SUBSTRING_START_FIRST": "πάρε τη δευτερεύουσα συμβολοσειρά από το πρώτο γράμμα",
	"TEXT_GET_SUBSTRING_END_FROM_START": "μέχρι το # γράμμα",
	"TEXT_GET_SUBSTRING_END_FROM_END": "μέχρι το # γράμμα από το τέλος",
	"TEXT_GET_SUBSTRING_END_LAST": "μέχρι το τελευταίο γράμμα",
	"TEXT_CHANGECASE_HELPURL": "https://github.com/google/blockly/wiki/Text#adjusting-text-case",
	"TEXT_CHANGECASE_TOOLTIP": "Επιστρέφει ένα αντίγραφο του κειμένου σε διαφορετική μορφή γραμμάτων.",
	"TEXT_CHANGECASE_OPERATOR_UPPERCASE": "σε ΚΕΦΑΛΑΙΑ",
	"TEXT_CHANGECASE_OPERATOR_LOWERCASE": "σε πεζά",
	"TEXT_CHANGECASE_OPERATOR_TITLECASE": "σε Λέξεις Με Πρώτα Κεφαλαία",
	"TEXT_TRIM_HELPURL": "https://github.com/google/blockly/wiki/Text#trimming-removing-spaces",
	"TEXT_TRIM_TOOLTIP": "Επιστρέφει ένα αντίγραφο του κειμένου με αφαιρεμένα τα κενά από το ένα ή και τα δύο άκρα.",
	"TEXT_TRIM_OPERATOR_BOTH": "περίκοψε τα κενά και από τις δυο πλευρές του",
	"TEXT_TRIM_OPERATOR_LEFT": "περίκοψε τα κενά από την αριστερή πλευρά του",
	"TEXT_TRIM_OPERATOR_RIGHT": "περίκοψε τα κενά από την δεξιά πλευρά του",
	"TEXT_PRINT_HELPURL": "https://github.com/google/blockly/wiki/Text#printing-text",
	"TEXT_PRINT_TITLE": "εκτύπωσε %1",
	"TEXT_PRINT_TOOLTIP": "Εκτυπώνει το καθορισμένο κείμενο, αριθμό ή άλλη τιμή.",
	"TEXT_PROMPT_TYPE_TEXT": "πρότρεψε με μήνυμα για να δοθεί κείμενο",
	"TEXT_PROMPT_TYPE_NUMBER": "πρότρεψε με μήνυμα για να δοθεί αριθμός",
	"TEXT_PROMPT_TOOLTIP_NUMBER": "Δημιουργεί προτροπή για τον χρήστη για να δώσει ένα αριθμό.",
	"TEXT_PROMPT_TOOLTIP_TEXT": "Δημιουργεί προτροπή για το χρήστη για να δώσει κάποιο κείμενο.",
	"TEXT_COUNT_TOOLTIP": "Μετρά πόσες φορές κάποιο κείμενο εμφανίζεται μέσα σε ένα άλλο κείμενο.",
	"LISTS_CREATE_EMPTY_HELPURL": "https://github.com/google/blockly/wiki/Lists#create-empty-list",
	"LISTS_CREATE_EMPTY_TITLE": "δημιούργησε κενή λίστα",
	"LISTS_CREATE_EMPTY_TOOLTIP": "Επιστρέφει μια λίστα, με μήκος 0, η οποία δεν περιέχει εγγραφές δεδομένων",
	"LISTS_CREATE_WITH_TOOLTIP": "Δημιουργεί λίστα με οποιονδήποτε αριθμό αντικειμένων.",
	"LISTS_CREATE_WITH_INPUT_WITH": "δημιούργησε λίστα με",
	"LISTS_CREATE_WITH_CONTAINER_TITLE_ADD": "λίστα",
	"LISTS_CREATE_WITH_CONTAINER_TOOLTIP": "Προσθέτει, αφαιρεί ή αναδιατάσσει τα τμήματα για να αναδιαμορφώσει αυτό το μπλοκ λίστας.",
	"LISTS_CREATE_WITH_ITEM_TOOLTIP": "Προσθέτει αντικείμενο στη λίστα.",
	"LISTS_REPEAT_HELPURL": "Blockly",
	"LISTS_REPEAT_TOOLTIP": "Δημιουργεί μια λίστα που αποτελείται από την δεδομένη τιμή που επαναλαμβάνεται για συγκεκριμένο αριθμό επαναλήψεων.",
	"LISTS_REPEAT_TITLE": "δημιούργησε λίστα με το στοιχείο %1 να επαναλαμβάνεται %2 φορές",
	"LISTS_LENGTH_HELPURL": "Blockly",
	"LISTS_LENGTH_TITLE": "το μήκος του %1",
	"LISTS_LENGTH_TOOLTIP": "Επιστρέφει το μήκος μιας λίστας.",
	"LISTS_ISEMPTY_TITLE": "το %1 είναι κενό",
	"LISTS_ISEMPTY_TOOLTIP": "Επιστρέφει αληθής αν η λίστα είναι κενή.",
	"LISTS_INLIST": "στη λίστα",
	"LISTS_INDEX_OF_HELPURL": "Blockly",
	"LISTS_INDEX_OF_FIRST": "βρες την πρώτη εμφάνιση του στοιχείου",
	"LISTS_INDEX_OF_LAST": "βρες την τελευταία εμφάνιση του στοιχείου",
	"LISTS_INDEX_OF_TOOLTIP": "Επιστρέφει τον δείκτη της πρώτης/τελευταίας εμφάνισης του στοιχείου στη λίστα.  Επιστρέφει τιμή %1, αν το στοιχείο δεν βρεθεί.",
	"LISTS_GET_INDEX_GET": "πάρε",
	"LISTS_GET_INDEX_GET_REMOVE": "πάρε και αφαίρεσε",
	"LISTS_GET_INDEX_REMOVE": "αφαίρεσε",
	"LISTS_GET_INDEX_FROM_START": "#",
	"LISTS_GET_INDEX_FROM_END": "# από το τέλος",
	"LISTS_GET_INDEX_FIRST": "πρώτο",
	"LISTS_GET_INDEX_LAST": "τελευταίο",
	"LISTS_GET_INDEX_RANDOM": "τυχαίο",
	"LISTS_INDEX_FROM_START_TOOLTIP": "Το %1 είναι το πρώτο στοιχείο.",
	"LISTS_INDEX_FROM_END_TOOLTIP": "Το %1 είναι το τελευταίο στοιχείο.",
	"LISTS_GET_INDEX_TOOLTIP_GET_FROM": "Επιστρέφει το στοιχείο στην καθορισμένη θέση σε μια λίστα.",
	"LISTS_GET_INDEX_TOOLTIP_GET_FIRST": "Επιστρέφει το πρώτο στοιχείο σε μια λίστα.",
	"LISTS_GET_INDEX_TOOLTIP_GET_LAST": "Επιστρέφει το τελευταίο στοιχείο σε μια λίστα.",
	"LISTS_GET_INDEX_TOOLTIP_GET_RANDOM": "Επιστρέφει ένα τυχαίο στοιχείο σε μια λίστα.",
	"LISTS_GET_INDEX_TOOLTIP_GET_REMOVE_FROM": "Καταργεί και επιστρέφει το στοιχείο στην καθορισμένη θέση σε μια λίστα.",
	"LISTS_GET_INDEX_TOOLTIP_GET_REMOVE_FIRST": "Καταργεί και επιστρέφει το πρώτο στοιχείο σε μια λίστα.",
	"LISTS_GET_INDEX_TOOLTIP_GET_REMOVE_LAST": "Καταργεί και επιστρέφει το τελευταίο στοιχείο σε μια λίστα.",
	"LISTS_GET_INDEX_TOOLTIP_GET_REMOVE_RANDOM": "Καταργεί και επιστρέφει ένα τυχαίο στοιχείο σε μια λίστα.",
	"LISTS_GET_INDEX_TOOLTIP_REMOVE_FROM": "Καταργεί το στοιχείο στην καθορισμένη θέση σε μια λίστα.",
	"LISTS_GET_INDEX_TOOLTIP_REMOVE_FIRST": "Καταργεί το πρώτο στοιχείο σε μια λίστα.",
	"LISTS_GET_INDEX_TOOLTIP_REMOVE_LAST": "Καταργεί το τελευταίο στοιχείο σε μια λίστα.",
	"LISTS_GET_INDEX_TOOLTIP_REMOVE_RANDOM": "Καταργεί ένα τυχαίο στοιχείο σε μια λίστα.",
	"LISTS_SET_INDEX_SET": "όρισε",
	"LISTS_SET_INDEX_INSERT": "είσαγε στο",
	"LISTS_SET_INDEX_INPUT_TO": "σε",
	"LISTS_SET_INDEX_TOOLTIP_SET_FROM": "Ορίζει το στοιχείο στην καθορισμένη θέση σε μια λίστα.",
	"LISTS_SET_INDEX_TOOLTIP_SET_FIRST": "Ορίζει το πρώτο στοιχείο σε μια λίστα.",
	"LISTS_SET_INDEX_TOOLTIP_SET_LAST": "Ορίζει το τελευταίο στοιχείο σε μια λίστα.",
	"LISTS_SET_INDEX_TOOLTIP_SET_RANDOM": "Ορίζει ένα τυχαίο στοιχείο σε μια λίστα.",
	"LISTS_SET_INDEX_TOOLTIP_INSERT_FROM": "Εισάγει το στοιχείο στην καθορισμένη θέση σε μια λίστα.",
	"LISTS_SET_INDEX_TOOLTIP_INSERT_FIRST": "Εισάγει το στοιχείο στην αρχή μιας λίστας.",
	"LISTS_SET_INDEX_TOOLTIP_INSERT_LAST": "Αναθέτει το στοιχείο στο τέλος μιας λίστας.",
	"LISTS_SET_INDEX_TOOLTIP_INSERT_RANDOM": "Εισάγει το στοιχείο τυχαία σε μια λίστα.",
	"LISTS_GET_SUBLIST_HELPURL": "Blockly",
	"LISTS_GET_SUBLIST_START_FROM_START": "πάρε υπολίστα από #",
	"LISTS_GET_SUBLIST_START_FROM_END": "πάρε υπολίστα από # από το τέλος",
	"LISTS_GET_SUBLIST_START_FIRST": "πάρε υπολίστα από την αρχή",
	"LISTS_GET_SUBLIST_END_FROM_START": "έως #",
	"LISTS_GET_SUBLIST_END_FROM_END": "έως # από το τέλος",
	"LISTS_GET_SUBLIST_END_LAST": "έως το τελευταίο",
	"LISTS_GET_SUBLIST_TOOLTIP": "Δημιουργεί ένα αντίγραφο του καθορισμένου τμήματος μιας λίστας.",
	"LISTS_SORT_HELPURL": "https://github.com/google/blockly/wiki/Lists#sorting-a-list",
	"LISTS_SORT_ORDER_ASCENDING": "Αύξουσα",
	"LISTS_SORT_ORDER_DESCENDING": "Φθίνουσα",
	"LISTS_SORT_TYPE_NUMERIC": "αριθμητικό",
	"LISTS_SORT_TYPE_TEXT": "Αλφαβητικά",
	"LISTS_SPLIT_LIST_FROM_TEXT": "κάνετε λίστα από το κείμενο",
	"LISTS_SPLIT_TEXT_FROM_LIST": "κάνετε κείμενο από τη λίστα",
	"LISTS_SPLIT_WITH_DELIMITER": "με διαχωριστικό",
	"LISTS_SPLIT_TOOLTIP_SPLIT": "Διαίρεση του κειμένου σε μια λίστα κειμένων, με σπάσιμο σε κάθε διαχωριστικό.",
	"LISTS_SPLIT_TOOLTIP_JOIN": "Ενώστε μια λίστα κειμένων σε ένα κείμενο, που χωρίζονται από ένα διαχωριστικό.",
	"VARIABLES_GET_TOOLTIP": "Επιστρέφει την τιμή αυτής της μεταβλητής.",
	"VARIABLES_GET_CREATE_SET": "Δημιούργησε «όρισε %1»",
	"VARIABLES_SET": "ανάθεσε στην %1 το %2",
	"VARIABLES_SET_TOOLTIP": "Ορίζει αυτή τη μεταβλητή να είναι ίση με την είσοδο.",
	"VARIABLES_SET_CREATE_GET": "Δημιούργησε «πάρε %1»",
	"PROCEDURES_DEFNORETURN_HELPURL": "https://en.wikipedia.org/wiki/Procedure_%28computer_science%29",
	"PROCEDURES_DEFNORETURN_TITLE": "στο",
	"PROCEDURES_DEFNORETURN_PROCEDURE": "κάνε κάτι",
	"PROCEDURES_BEFORE_PARAMS": "με:",
	"PROCEDURES_CALL_BEFORE_PARAMS": "με:",
	"PROCEDURES_DEFNORETURN_TOOLTIP": "Δημιουργεί μια συνάρτηση χωρίς έξοδο.",
	"PROCEDURES_DEFRETURN_HELPURL": "https://en.wikipedia.org/wiki/Procedure_%28computer_science%29",
	"PROCEDURES_DEFRETURN_RETURN": "επέστρεψε",
	"PROCEDURES_DEFRETURN_TOOLTIP": "Δημιουργεί μια συνάρτηση με μια έξοδο.",
	"PROCEDURES_ALLOW_STATEMENTS": "να επιτρέπονται οι δηλώσεις",
	"PROCEDURES_DEF_DUPLICATE_WARNING": "Προειδοποίηση: Αυτή η συνάρτηση έχει διπλότυπες παραμέτρους.",
	"PROCEDURES_CALLNORETURN_HELPURL": "https://el.wikipedia.org/wiki/%CE%94%CE%B9%CE%B1%CE%B4%CE%B9%CE%BA%CE%B1%CF%83%CE%AF%CE%B1_%28%CF%85%CF%80%CE%BF%CE%BB%CE%BF%CE%B3%CE%B9%CF%83%CF%84%CE%AD%CF%82%29",
	"PROCEDURES_CALLNORETURN_TOOLTIP": "Εκτελεί την ορισμένη από τον χρήστη συνάρτηση «%1».",
	"PROCEDURES_CALLRETURN_HELPURL": "https://el.wikipedia.org/wiki/%CE%94%CE%B9%CE%B1%CE%B4%CE%B9%CE%BA%CE%B1%CF%83%CE%AF%CE%B1_%28%CF%85%CF%80%CE%BF%CE%BB%CE%BF%CE%B3%CE%B9%CF%83%CF%84%CE%AD%CF%82%29",
	"PROCEDURES_CALLRETURN_TOOLTIP": "Εκτελεί την ορισμένη από τον χρήστη συνάρτηση «%1» και χρησιμοποίησε την έξοδό της.",
	"PROCEDURES_MUTATORCONTAINER_TITLE": "είσοδοι",
	"PROCEDURES_MUTATORCONTAINER_TOOLTIP": "Προσθέτει, αφαιρεί ή αναδιατάσσει εισόδους σε αυτήν τη λειτουργία",
	"PROCEDURES_MUTATORARG_TITLE": "όνομα εισόδου:",
	"PROCEDURES_MUTATORARG_TOOLTIP": "Πρόσθεσε μια είσοδος στη συνάρτηση",
	"PROCEDURES_HIGHLIGHT_DEF": "Επισημάνετε τον ορισμό συνάρτησης",
	"PROCEDURES_CREATE_DO": "Δημιούργησε «%1»",
	"PROCEDURES_IFRETURN_TOOLTIP": "Αν μια τιμή είναι αληθής, τότε επιστρέφει τη δεύτερη τιμή.",
	"PROCEDURES_IFRETURN_WARNING": "Προειδοποίηση: Αυτό το μπλοκ μπορεί να χρησιμοποιηθεί μόνο στον ορισμό μιας συνάρτησης.",
	"WORKSPACE_COMMENT_DEFAULT_TEXT": "Πείτε κάτι...",
	"WORKSPACE_ARIA_LABEL": "Χώρος εργασίας Blockly",
	"COLLAPSED_WARNINGS_WARNING": "Υπάρχουν προειδοποιήσεις για συμπτυγμένα μπλοκ.",
	"DIALOG_OK": "Εντάξει",
	"DIALOG_CANCEL": "Ακύρωση"
}
