{
	"@metadata": {
		"authors": [
			"Adam-Yourist",
			"ElizaMag",
			"Sapral Mikail"
		]
	},
	"VARIABLES_DEFAULT_NAME": "элемент",
	"TODAY": "Тахан",
	"DUPLICATE_BLOCK": "Кеп яккха",
	"ADD_COMMENT": "ТӀатоха алар (комментари)",
	"REMOVE_COMMENT": "ДӀадаккха алар (комментари)",
	"EXTERNAL_INPUTS": "Арахьара юкъеоттадаьраш",
	"INLINE_INPUTS": "Чухьнахьара юкъеоттадаьраш",
	"DELETE_BLOCK": "ДӀаяккха блок",
	"DELETE_X_BLOCKS": "ДӀаяккха %1 блокаш",
	"DELETE_ALL_BLOCKS": "ДӀаяккха еррига блокаш (%1)?",
	"CLEAN_UP": "ДӀаяха блокаш",
	"COLLAPSE_BLOCK": "ДIахьулъе блок",
	"COLLAPSE_ALL": "ДIахьулъе блокаш",
	"EXPAND_BLOCK": "Хьайоаржае блок",
	"EXPAND_ALL": "Хьайоаржае блокаш",
	"DISABLE_BLOCK": "ДIайоае блок",
	"ENABLE_BLOCK": "Хьалотае блок",
	"HELP": "Новкъoстал",
	"UNDO": "Юхадаккха",
	"REDO": "Юхадоаладе",
	"CHANGE_VALUE_TITLE": "МаIан хувца:",
	"RENAME_VARIABLE": "Хувцалушъяра цIи хувца...",
	"RENAME_VARIABLE_TITLE": "Хувца ерригача хувцалушъяраша цIераш укх цIерах '%1':",
	"NEW_VARIABLE": "Керда хувцалушъяр...",
	"NEW_VARIABLE_TITLE": "Керда хувцалушъяра цIи:",
	"COLOUR_PICKER_HELPURL": "https://inh.wikipedia.org/wiki/Бос",
	"COLOUR_PICKER_TOOLTIP": "Харжа палитра чура бос.",
	"COLOUR_RANDOM_TITLE": "ца ховш нийсбенна бос",
	"COLOUR_RANDOM_TOOLTIP": "Укхо бос хьахоржа дагадоацача тайпара",
	"COLOUR_RGB_TITLE": "бесах",
	"COLOUR_RGB_RED": "цIеча",
	"COLOUR_RGB_GREEN": "баьццарара",
	"COLOUR_RGB_BLUE": "сийнача",
	"COLOUR_BLEND_TITLE": "кегаде",
	"COLOUR_BLEND_COLOUR1": "бос 1",
	"COLOUR_BLEND_COLOUR2": "бос 2",
	"COLOUR_BLEND_RATIO": "беса дáкъа 1",
	"CONTROLS_REPEAT_HELPURL": "https://ru.wikipedia.org/wiki/Цикл_(программирование)",
	"CONTROLS_REPEAT_TITLE": "юхаде %1-зза",
	"CONTROLS_REPEAT_INPUT_DO": "кхоачашде",
	"CONTROLS_IF_MSG_IF": "нагахьа санна",
	"CONTROLS_IF_MSG_ELSEIF": "вешта нагахьа",
	"CONTROLS_IF_MSG_ELSE": "вешта",
	"LOGIC_OPERATION_AND": "иштта",
	"LOGIC_OPERATION_OR": "e",
	"LOGIC_BOOLEAN_TRUE": "бакъдар",
	"LOGIC_BOOLEAN_FALSE": "харцдар",
	"LOGIC_NULL": "цхьаккха",
	"LOGIC_NULL_TOOLTIP": "Цхьаккха доаца хIама юхадерзаду.",
	"LOGIC_TERNARY_IF_TRUE": "нагахьа бакъа дале",
	"LOGIC_TERNARY_IF_FALSE": "нагахьа харца дале",
	"MATH_NUMBER_HELPURL": "https://inh.wikipedia.org/wiki/Таьрахь",
	"MATH_NUMBER_TOOLTIP": "Таьрахь.",
	"MATH_ARITHMETIC_HELPURL": "https://inh.wikipedia.org/wiki/Арифметика",
	"PROCEDURES_CREATE_DO": "Хьакхолла дIакхайкар '%1'",
	"DIALOG_OK": "Мег",
	"DIALOG_CANCEL": "Эшац"
}
