{
	"@metadata": {
		"authors": [
			"Тамэ Балъкъэрхэ"
		]
	},
	"VARIABLES_DEFAULT_NAME": "Iыхьэ",
	"DUPLICATE_BLOCK": "ЩIэтхыкIын",
	"ADD_COMMENT": "КIэщIэтхэн",
	"REMOVE_COMMENT": "КIэщIэтхэр тегъэкIыжын",
	"DELETE_BLOCK": "Блокыр тегъэкIын",
	"DELETE_X_BLOCKS": "Блоку %1 тегъэкIын",
	"COLLAPSE_BLOCK": "Блокыр зэкIуэцIылъхьэн",
	"COLLAPSE_ALL": "Блокхэр зэкIуэцIылъхьэн",
	"EXPAND_BLOCK": "Блокыр зэкIуэц1ыхын",
	"EXPAND_ALL": "Блокхэр зэкIуэц1ыхын",
	"DISABLE_BLOCK": "Блокыр гъэуфIынкIын",
	"ENABLE_BLOCK": "Блокыр щIэгъэнэн",
	"HELP": "ДэӀэпыкъуэгъуэ",
	"COLOUR_PICKER_HELPURL": "https://ru.wikipedia.org/wiki/Цвет",
	"COLOUR_PICKER_TOOLTIP": "Плъыфэхэм узыхуейр къыхэх.",
	"COLOUR_RANDOM_TITLE": "сыт хуэдэ плъыфэми",
	"COLOUR_RANDOM_TOOLTIP": "Плъыфэр езыр-езыру къыхегъэхын.",
	"COLOUR_RGB_TITLE": "плъыфэхэм щыщ",
	"COLOUR_RGB_RED": "плъыжьу",
	"COLOUR_RGB_GREEN": "удзыфэу",
	"COLOUR_RGB_BLUE": "щIыхуу",
	"COLOUR_BLEND_TITLE": "зэхэпщэн",
	"COLOUR_BLEND_COLOUR1": "1 плъыфэ",
	"COLOUR_BLEND_COLOUR2": "2 плъыфэ",
	"COLOUR_BLEND_RATIO": "1 плъыфэм щыщу",
	"COLOUR_BLEND_TOOLTIP": "ПлъыфитIыр епт зэхущытыкIэмкIэ хэхэпщэн (0.0 - 1.0).",
	"CONTROLS_REPEAT_HELPURL": "https://ru.wikipedia.org/wiki/Цикл_(программирование)",
	"CONTROLS_REPEAT_TITLE": "%1 къытегъэзэжын",
	"CONTROLS_REPEAT_INPUT_DO": "гъэзэщIэн",
	"CONTROLS_REPEAT_TOOLTIP": "Унафэр зыбжанэрэ егъэзащIэ.",
	"CONTROLS_WHILEUNTIL_OPERATOR_WHILE": "къытегъэзэжын, къихьэх",
	"CONTROLS_IF_MSG_IF": "щыпкъэу",
	"CONTROLS_IF_MSG_ELSEIF": "армырамэ щыпкъэу",
	"CONTROLS_IF_MSG_ELSE": "армырамэ",
	"LOGIC_COMPARE_HELPURL": "https://en.wikipedia.org/wiki/Inequality_(mathematics)",
	"LOGIC_OPERATION_AND": "икIи",
	"LOGIC_OPERATION_OR": "е",
	"LOGIC_BOOLEAN_TRUE": "щыпкъэ",
	"LOGIC_BOOLEAN_FALSE": "пцIы",
	"LOGIC_BOOLEAN_TOOLTIP": "Е щыпкъэ е пцIы къуетыж.",
	"LOGIC_NULL": "зыри",
	"LOGIC_NULL_TOOLTIP": "Зыри къуетыж.",
	"MATH_NUMBER_HELPURL": "https://ru.wikipedia.org/wiki/Число",
	"MATH_NUMBER_TOOLTIP": "Бжыгъэ.",
	"MATH_ARITHMETIC_HELPURL": "https://ru.wikipedia.org/wiki/Арифметика",
	"MATH_ARITHMETIC_TOOLTIP_ADD": "БжыгъитIыр зэхелъхьэри къыщIэкIар къуетыж.",
	"MATH_ARITHMETIC_TOOLTIP_MINUS": "БжыгъитIыр зэхехри къыщIэкIар къуетыж.",
	"MATH_ARITHMETIC_TOOLTIP_MULTIPLY": "БжыгъитIыр зэхуегъэбагъуэри къыщIэкIар къуетыж.",
	"MATH_ARITHMETIC_TOOLTIP_DIVIDE": "Япэ бжыгъэр етIуанэмкIэ егуэшри къыщIэкIар къуетыж.",
	"MATH_SINGLE_HELPURL": "https://ru.wikipedia.org/wiki/Квадратный_корень",
	"MATH_TRIG_HELPURL": "https://ru.wikipedia.org/wiki/Тригонометрические_функции",
	"MATH_CONSTANT_HELPURL": "https://ru.wikipedia.org/wiki/Математическая_константа",
	"MATH_IS_EVEN": "зэпэбж",
	"MATH_IS_ODD": "зэпэмыбж",
	"MATH_IS_PRIME": "къызэрыгуэкI",
	"MATH_IS_WHOLE": "бжыгъэ псо",
	"MATH_IS_DIVISIBLE_BY": "мыбыкIэ мэгуэш",
	"MATH_CHANGE_HELPURL": "https://ru.wikipedia.org/wiki/%D0%98%D0%B4%D0%B8%D0%BE%D0%BC%D0%B0_%28%D0%BF%D1%80%D0%BE%D0%B3%D1%80%D0%B0%D0%BC%D0%BC%D0%B8%D1%80%D0%BE%D0%B2%D0%B0%D0%BD%D0%B8%D0%B5%29#.D0.98.D0.BD.D0.BA.D1.80.D0.B5.D0.BC.D0.B5.D0.BD.D1.82",
	"MATH_ROUND_HELPURL": "https://ru.wikipedia.org/wiki/Округление",
	"MATH_ONLIST_OPERATOR_SUM": "къебжэкIыр зэхэлъхьауэ",
	"MATH_ONLIST_OPERATOR_MIN": "къебжэкIым и нэхъ мащIэр",
	"MATH_ONLIST_TOOLTIP_MIN": "КъебжэкIым и нэхъ мащIэр къуетыж.",
	"MATH_ONLIST_OPERATOR_MAX": "къебжэкIым и нэхъыбэр",
	"MATH_ONLIST_TOOLTIP_MAX": "КъебжэкIым и нэхъыбэр къуетыж.",
	"MATH_MODULO_HELPURL": "https://ru.wikipedia.org/wiki/Деление_с_остатком",
	"MATH_MODULO_TITLE": "%1 ÷ %2 бгуэшмэ къыдэхуэр",
	"MATH_MODULO_TOOLTIP": "БжыгъитIыр зэхуэбгуэшмэ къыдэхуэр къуетыж.",
	"MATH_RANDOM_INT_HELPURL": "https://ru.wikipedia.org/wiki/Генератор_псевдослучайных_чисел",
	"MATH_RANDOM_FLOAT_HELPURL": "https://ru.wikipedia.org/wiki/Генератор_псевдослучайных_чисел",
	"TEXT_TEXT_HELPURL": "https://ru.wikipedia.org/wiki/Строковый_тип",
	"TEXT_LENGTH_TITLE": "%1 и кIыхьагъыр",
	"TEXT_ISEMPTY_TITLE": "%1 нэщIщ",
	"TEXT_INDEXOF_OPERATOR_FIRST": "япэу къыщыхэщыр къэгъуэтын",
	"TEXT_INDEXOF_OPERATOR_LAST": "иужьыу къыщыхэщыр къэгъуэтын",
	"PROCEDURES_BEFORE_PARAMS": "игъусэр:",
	"PROCEDURES_CALL_BEFORE_PARAMS": "игъусэр:",
	"PROCEDURES_CALLNORETURN_HELPURL": "https://ru.wikipedia.org/wiki/Функция_%28программирование%29",
	"PROCEDURES_CALLRETURN_HELPURL": "https://ru.wikipedia.org/wiki/Функция_%28программирование%29",
	"DIALOG_OK": "ХЪУАЩ",
	"DIALOG_CANCEL": "ЩӀегъуэжын"
}
