{
	"@metadata": {
		"authors": [
			"Purodha"
		]
	},
	"DELETE_BLOCK": "Schmiiß dat Klözje fott",
	"DELETE_X_BLOCKS": "Schmiiß %1 Klözjer fott",
	"CLEAN_UP": "Klözjer opprühme",
	"COLLAPSE_BLOCK": "Donn dat Klözje zesammefallde",
	"COLLAPSE_ALL": "Donn di Klözjer zesammefallde",
	"EXPAND_BLOCK": "Donn dat Klözje opfallde",
	"EXPAND_ALL": "Donn di Klözjer opfallde",
	"DISABLE_BLOCK": "Donn dat Klözje ußschallde",
	"ENABLE_BLOCK": "Donn dat Klözje enschallde",
	"HELP": "Hölp",
	"CHANGE_VALUE_TITLE": "Dä Wäät tuusche:",
	"COLOUR_RANDOM_TITLE": "en föhfälleje Färv",
	"COLOUR_RANDOM_TOOLTIP": "Söhg en Färv pä Zohfall uß.",
	"COLOUR_RGB_TITLE": "enfärve met",
	"COLOUR_RGB_RED": "ruhd",
	"COLOUR_RGB_GREEN": "jröhn",
	"COLOUR_RGB_BLUE": "blou",
	"COLOUR_BLEND_COLOUR1": "eezte Färv",
	"COLOUR_BLEND_COLOUR2": "zwaite Färv",
	"COLOUR_BLEND_RATIO": "Verhhälltneß",
	"COLOUR_BLEND_TOOLTIP": "Mesch zwai Färve med enem beschtempte Verhältneß (zwesche 0.0 un 1.0)",
	"CONTROLS_REPEAT_TITLE": "%1 Mohl widerhole",
	"CONTROLS_REPEAT_INPUT_DO": "maach",
	"CONTROLS_WHILEUNTIL_OPERATOR_WHILE": "widderholl, esu lang wi",
	"CONTROLS_WHILEUNTIL_OPERATOR_UNTIL": "widerholl bes",
	"CONTROLS_FOR_TITLE": "zäll %1 vun %2 noh %3 en Schredde vun %4",
	"CONTROLS_IF_MSG_ELSE": "sönst",
	"MATH_CHANGE_TITLE": "donn dä Wääd_en %1 öm %2 ändere",
	"LISTS_ISEMPTY_TITLE": "%1 es läddesch",
	"LISTS_ISEMPTY_TOOLTIP": "Jitt „Wohr“ us, wann en dä Leß nix dren es.",
	"LISTS_INDEX_FROM_START_TOOLTIP": "%1 es de Eezde en de Leß.",
	"LISTS_INDEX_FROM_END_TOOLTIP": "%1 es de Läzde en de Leß.",
	"LISTS_SORT_HELPURL": "https://github.com/google/blockly/wiki/Lists#sorting-a-list",
	"LISTS_SORT_ORDER_ASCENDING": "opwääts",
	"LISTS_SORT_ORDER_DESCENDING": "rökwääts zottehre",
	"VARIABLES_SET": "säz der Wäät en %1 op %2",
	"DIALOG_OK": "Jebongt!"
}
