{
	"@metadata": {
		"authors": [
			"Jagwar",
			"Kely"
		]
	},
	"VARIABLES_DEFAULT_NAME": "Zavatra",
	"TODAY": "Androany",
	"DUPLICATE_BLOCK": "Tahahana",
	"ADD_COMMENT": "Hanampy resaka",
	"REMOVE_COMMENT": "Hanala resaka",
	"EXTERNAL_INPUTS": "Iditra ivelany",
	"INLINE_INPUTS": "Iditra an'andalana",
	"DELETE_BLOCK": "Hamafa bilaoky",
	"DELETE_X_BLOCKS": "Hamafa bilaoky %1",
	"DELETE_ALL_BLOCKS": "Hamafa ny bilaoky %1 rehetra ?",
	"CLEAN_UP": "Hanadio bilaoky",
	"EXPAND_ALL": "Hanitatra bilaoky",
	"DISABLE_BLOCK": "Hanajanona ny bilaoky",
	"ENABLE_BLOCK": "Handefa ny bilaoky",
	"HELP": "Fanoroana",
	"UNDO": "Esorina",
	"REDO": "Averina atao",
	"CHANGE_VALUE_TITLE": "Hanova sanda:",
	"RENAME_VARIABLE": "Hanova anarana ny ova...",
	"COLOUR_RANDOM_TITLE": "loko kisendra",
	"COLOUR_RGB_RED": "mena",
	"COLOUR_RGB_GREEN": "maitso",
	"COLOUR_RGB_BLUE": "manga",
	"COLOUR_BLEND_TITLE": "afangaro",
	"COLOUR_BLEND_COLOUR1": "loko 1",
	"COLOUR_BLEND_COLOUR2": "loko 2",
	"COLOUR_BLEND_RATIO": "taha",
	"CONTROLS_REPEAT_INPUT_DO": "atao",
	"CONTROLS_IF_MSG_IF": "raha",
	"CONTROLS_IF_MSG_ELSEIF": "raha tsy izany",
	"CONTROLS_IF_MSG_ELSE": "raha tsy izany raha",
	"LOGIC_OPERATION_AND": "sady",
	"LOGIC_OPERATION_OR": "na",
	"LOGIC_NEGATE_TITLE": "tsy %1",
	"LOGIC_BOOLEAN_TRUE": "marina",
	"LOGIC_BOOLEAN_FALSE": "diso",
	"LOGIC_NULL": "foana",
	"LOGIC_NULL_TOOLTIP": "Mamerina sanda foana",
	"LOGIC_TERNARY_CONDITION": "andrana",
	"LOGIC_TERNARY_IF_TRUE": "raha marina",
	"LOGIC_TERNARY_IF_FALSE": "raha diso",
	"MATH_NUMBER_TOOLTIP": "Laharana.",
	"MATH_ROUND_OPERATOR_ROUND": "boriboriana",
	"MATH_ROUND_OPERATOR_ROUNDUP": "boriboriana amin'ny sanda ambony",
	"MATH_ROUND_OPERATOR_ROUNDDOWN": "boriboriana amin'ny sanda ambany",
	"MATH_ONLIST_OPERATOR_SUM": "tambatry ny lisitra",
	"MATH_ONLIST_OPERATOR_MIN": "kely indrindra amin'ny lisitra",
	"MATH_ONLIST_OPERATOR_MAX": "lehibe indrindra amin'ny lisitra",
	"DIALOG_OK": "OK",
	"DIALOG_CANCEL": "Aoka ihany"
}
