{
	"@metadata": {
		"authors": [
			"सरोज कुमार ढकाल"
		]
	},
	"VARIABLES_DEFAULT_NAME": "वस्तु",
	"TODAY": "आज",
	"DUPLICATE_BLOCK": "प्रतिलिपी गर्ने",
	"ADD_COMMENT": "टिप्पणी थप्ने",
	"REMOVE_COMMENT": "टिप्पणी हटाउने",
	"EXTERNAL_INPUTS": "बाह्य इन्पुटहरू",
	"INLINE_INPUTS": "इनलाइन इन्पुटहरू",
	"DELETE_BLOCK": "ब्लक हटाउने",
	"DELETE_X_BLOCKS": " %1 ब्लकहरू हटाउने",
	"CLEAN_UP": "ब्लकहरू हटाउनुहोस्",
	"COLLAPSE_BLOCK": "ब्लक भत्काउनुहोस्",
	"COLLAPSE_ALL": "ब्लक भत्काउनुहोस्",
	"EXPAND_BLOCK": "ब्लकहरू फिजाउने",
	"EXPAND_ALL": "ब्लकहरू फिजाउने",
	"DISABLE_BLOCK": "ब्लकलाई सक्रिय पार्ने",
	"ENABLE_BLOCK": "ब्लकलाई निश्कृयपार्ने",
	"HELP": "सहायता",
	"UNDO": "रद्द गर्ने",
	"REDO": "पुन: कायम गर्ने",
	"CHANGE_VALUE_TITLE": "मान बदल्नुहोस :",
	"RENAME_VARIABLE": "भेरिएबल पुन: नामाकरण गर्ने ...",
	"NEW_VARIABLE": "नयाँ भेरिएबल ...",
	"NEW_VARIABLE_TITLE": "नयाँ भेरिएबल नाम:",
	"COLOUR_RANDOM_TITLE": "जुनसुकै रङ्ग",
	"COLOUR_RGB_TITLE": "यस रङ्गको",
	"COLOUR_RGB_RED": "रातो",
	"COLOUR_RGB_GREEN": "हरियो",
	"COLOUR_RGB_BLUE": "निलो",
	"COLOUR_BLEND_COLOUR1": " रङ्ग १",
	"COLOUR_BLEND_COLOUR2": "रङ्ग २",
	"COLOUR_BLEND_RATIO": "अनुपात",
	"IOS_OK": "हुन्छ",
	"IOS_CANCEL": "रद्द गर्ने",
	"IOS_ERROR": "त्रुटि",
	"MATH_IS_EVEN": "जोर संख्या हो",
	"MATH_IS_ODD": "बिजोर संख्या हो",
	"MATH_IS_PRIME": "रुढ संख्या हो",
	"MATH_IS_POSITIVE": "धनात्मक संख्या हो",
	"MATH_IS_NEGATIVE": "ऋणात्मक संख्या हो",
	"PROCEDURES_MUTATORCONTAINER_TITLE": "इन्पुटहरू",
	"DIALOG_OK": "हुन्छ",
	"DIALOG_CANCEL": "रद्द गर्ने"
}
