{
	"@metadata": {
		"authors": [
			"Ahmed-Najib-Biabani-Ibrahimkhel"
		]
	},
	"VARIABLES_DEFAULT_NAME": "توکی",
	"TODAY": "نن",
	"ADD_COMMENT": "تبصره ورگډول",
	"REMOVE_COMMENT": "تبصره غورځول",
	"EXTERNAL_INPUTS": "باندنۍ ننوېستنې",
	"INLINE_INPUTS": "پرکرښه ننوېستنې",
	"DELETE_BLOCK": "بلاک ړنگول",
	"DELETE_X_BLOCKS": "%1 بلاکونه ړنگول",
	"CLEAN_UP": "بلاکونه پاکول",
	"COLLAPSE_BLOCK": "بلاک پرځول",
	"COLLAPSE_ALL": "بلاکونه پرځول",
	"EXPAND_BLOCK": "بلاک غځول",
	"EXPAND_ALL": "بلاکونه غځول",
	"DISABLE_BLOCK": "بلاک ناچارنول",
	"ENABLE_BLOCK": "بلاک چارنول",
	"HELP": "لارښود",
	"UNDO": "ناکړل",
	"REDO": "بياکړل",
	"CHANGE_VALUE_TITLE": "ارزښت بدلول:",
	"COLOUR_PICKER_HELPURL": "https://ps.wikipedia.org/wiki/رنگ",
	"COLOUR_RANDOM_TITLE": "ناټاکلی رنگ",
	"COLOUR_RGB_TITLE": "د رنگ سره",
	"COLOUR_RGB_RED": "سور",
	"COLOUR_RGB_GREEN": "زرغون",
	"COLOUR_RGB_BLUE": "شين",
	"CONTROLS_IF_MSG_IF": "که",
	"LOGIC_OPERATION_AND": "او",
	"LOGIC_OPERATION_OR": "يا",
	"LOGIC_NEGATE_TITLE": "نه %1",
	"LOGIC_BOOLEAN_TRUE": "سم",
	"LOGIC_BOOLEAN_FALSE": "ناسم",
	"LOGIC_TERNARY_CONDITION": "آزمويل",
	"TEXT_GET_SUBSTRING_INPUT_IN_TEXT": "په متن کې",
	"LISTS_CREATE_WITH_CONTAINER_TITLE_ADD": "لړليک",
	"LISTS_ISEMPTY_TITLE": "%1 تش دی",
	"LISTS_GET_INDEX_GET": "ترلاسه کول",
	"LISTS_GET_INDEX_FIRST": "لومړنی",
	"LISTS_GET_INDEX_LAST": "وروستنی",
	"LISTS_GET_INDEX_RANDOM": "ناټاکلی",
	"LISTS_SET_INDEX_INPUT_TO": "لکه",
	"PROCEDURES_CREATE_DO": "'%1' جوړول",
	"DIALOG_OK": "ښه",
	"DIALOG_CANCEL": "ناگارل"
}
